Room Number,Room Details,Image
Room 1,Bellotto: The K馬igstein Views Reunited,
Room 2,Bellotto: The K馬igstein Views Reunited,
Room 3,Bellotto: The K馬igstein Views Reunited,
Room 4,Bellotto: The K馬igstein Views Reunited,
Room 5,Bellotto: The K馬igstein Views Reunited,
Room 6,Bellotto: The K馬igstein Views Reunited,
Room 7,Bellotto: The K馬igstein Views Reunited,
Room 8,Bellotto: The K馬igstein Views Reunited,
Room 9,,
Room 10,,
Room 11,,
Room 12,,
Room 13,,
Room 14,,
Room 15,,
Room 16,,
Room 17,,
Room 18,,
Room 19,,
Room 20,,
Room 21,,
Room 22,,
Room 23,,
Room 24,,
Room 25,,
Room 26,,
Room 27,,
Room 28,,
Room 29,,
Room 30,,
Room 31,,
Room 32,,
Room 33,,
Room 34,,
Room 35,,
Room 36,,
Room 37,,
Room 38,,
Room 39,,
Room 40,,
Room 41,,
Room 42,,
Room 43,,
Room 44,,
Room 45,,
Room 46,,
Room 47,,
Room 48,,
Room 49,,
Room 50,,
Room 51,,
Room 52,,
Room 53,,
Room 54,,
Room 55,,
Room 56,,
Room 57,,
Room 58,,
Room 59,,
Room 60,,
Room 61,,
Room 62,,
Room 63,,
Room 64,,
Room 65,,
Room 66,,
